{
  "cv_auc": 0.5982326139421343,
  "mean_logloss": 0.6798530886621705,
  "mean_brier": 0.24332910725385615,
  "threshold": 0.45499999999999996,
  "features": 17,
  "created_at": "2026-03-29T15:38:33.683134"
}